"2000","","","2025/03/17","開業費","","","課対仕入込10%適格","1556325","141484","現金","個人用","","対象外","1556325","0","","","","0","会OL","","0","","no","",""
"2000","","","2025/03/23","通信費","","","課対仕入込10%適格","450","40","クレジットカード","個人用","","対象外","450","0","カード：ＡＰＰＬＥ　ＣＯＭ　ＢＩＬＬ","","","0","会OL","","0","","no","",""
"2000","","","2025/03/30","通信費","","","課対仕入込10%適格","620","56","クレジットカード","個人用","","対象外","620","0","カード：ＡＰＰＬＥ　ＣＯＭ　ＢＩＬＬ","","","0","会OL","","0","","no","",""
"2000","","","2025/03/31","通信費","","","課対仕入込10%適格","864","78","クレジットカード","個人用","","対象外","864","0","カード：ドコモ　ゴリヨウリヨウキン　　　　　　　　　０４ガツ","","","0","会OL","","0","","no","",""
"2000","","","2025/04/02","消耗品費","","","課対仕入込10%適格","20644","1876","クレジットカード","個人用","","対象外","20644","0","カード：AMAZON.CO.JP","","","0","会OL","","0","","no","",""
"2000","","","2025/04/07","消耗品費","","","課対仕入込10%適格","1871","170","クレジットカード","個人用","","対象外","1871","0","カード：AMAZON.CO.JP","","","0","会OL","","0","","no","",""
"2110","","","2025/04/13","車両費","","","課対仕入込10%適格","1441","131","現金","個人用","","対象外","2883","0","ライフ　白銅","","","3","会OL","","0","","no","",""
"2101","","","2025/04/13","事業主貸","","","対象外","1442","0","","","","対象外","0","0","","","","3","会OL","","","","no","",""
"2000","","","2025/04/15","通信費","","","課対仕入込10%適格","1480","134","クレジットカード","個人用","","対象外","1480","0","カード：ＡＰＰＬＥ　ＣＯＭ　ＢＩＬＬ","","","0","会OL","","0","","no","",""
"2000","","","2025/04/15","通信費","","","課対仕入込10%適格","500","45","クレジットカード","個人用","","対象外","500","0","カード：ＡＰＰＬＥ　ＣＯＭ　ＢＩＬＬ","","","0","会OL","","0","","no","",""
"2000","","","2025/04/23","通信費","","","課対仕入込10%適格","450","40","クレジットカード","個人用","","対象外","450","0","カード：ＡＰＰＬＥ　ＣＯＭ　ＢＩＬＬ","","","0","会OL","","0","","no","",""
"2000","","","2025/04/27","通信費","","","課対仕入込10%適格","500","45","クレジットカード","個人用","","対象外","500","0","カード：ＡＭＺ＊ＭＵＲＡＧＯＮ．ＣＯＭ","","","0","会OL","","0","","no","",""
"2000","","","2025/04/24","消耗品費","","","課対仕入込10%適格","8983","816","クレジットカード","個人用","","対象外","8983","0","カード：ＡＭＡＺＯＮ．ＣＯ．ＪＰ","","","0","会OL","","0","","no","",""
"2000","","","2025/04/24","車両費","","","課対仕入込10%適格","7490","680","クレジットカード","個人用","","対象外","7490","0","カード：ＡＭＡＺＯＮ．ＣＯ．ＪＰ","","","0","会OL","","0","","no","",""
"2000","","","2025/04/24","車両費","","","課対仕入込10%適格","3180","289","クレジットカード","個人用","","対象外","3180","0","カード：ＡＭＡＺＯＮ．ＣＯ．ＪＰ","","","0","会OL","","0","","no","",""
"2000","","","2025/04/25","一括償却資産","2025年度分","","課対仕入込10%適格","113000","10272","クレジットカード","個人用","","対象外","113000","0","カード：ＳＴＯＲＥ．ＩＮＳＴＡ３６０．ＣＯＭ　　　　　　ＨＯ","","","0","会OL","","0","","no","",""
"2000","","","2025/05/08","水道光熱費","","","課対仕入込10%適格","3520","320","現金","個人用","","対象外","3520","0","イイダ　LPG","","","0","会OL","","0","","no","",""
"2000","","","2025/05/09","通信費","","","課対仕入込10%適格","5390","490","クレジットカード","個人用","","対象外","5390","0","カード：ＡＰＰＬＥ　ＣＯＭ　ＢＩＬＬ","","","0","会OL","","0","","no","",""
"2000","","","2025/04/30","通信費","","","課対仕入込10%適格","4526","411","クレジットカード","個人用","","対象外","4526","0","カード：ドコモ　ゴリヨウリヨウキン　　　　　　　　　０５ガツ","","","0","会OL","","0","","no","",""
"2000","","","2025/05/02","通信費","","","課対仕入込10%適格","120","10","クレジットカード","個人用","","対象外","120","0","カード：ＡＰＰＬＥ　ＣＯＭ　ＢＩＬＬ","","","0","会OL","","0","","no","",""
"2000","","","2025/05/02","消耗品費","","","課対仕入込10%適格","16900","1536","クレジットカード","個人用","","対象外","16900","0","カード：AMAZON.CO.JP","","","0","会OL","","0","","no","",""
"2000","","","2025/05/09","消耗品費","","","課対仕入込10%適格","2780","252","クレジットカード","個人用","","対象外","2780","0","カード：AMAZON.CO.JP","","","0","会OL","","0","","no","",""
"2000","","","2025/05/08","消耗品費","","","課対仕入込10%適格","2880","261","クレジットカード","個人用","","対象外","2880","0","カード：AMAZON.CO.JP","","","0","会OL","","0","","no","",""
"2000","","","2025/05/08","消耗品費","","","課対仕入込10%適格","6739","612","現金","個人用","","対象外","6739","0","ロイヤルホームセンター南千住","","","0","会OL","","0","","no","",""
"2000","","","2025/05/12","消耗品費","","","課対仕入込10%適格","5399","490","クレジットカード","個人用","","対象外","5399","0","カード：AMAZON.CO.JP","","","0","会OL","","0","","no","",""
"2000","","","2025/05/12","消耗品費","","","課対仕入込10%適格","2199","199","クレジットカード","個人用","","対象外","2199","0","カード：AMAZON.CO.JP","","","0","会OL","","0","","no","",""
"2000","","","2025/05/14","消耗品費","","","課対仕入込10%適格","4054","368","クレジットカード","個人用","","対象外","4054","0","カード：ロイヤルホ－ムセンタ","","","0","会OL","","0","","no","",""
"2110","","","2025/05/06","車両費","","","課対仕入込10%適格","4203","382","現金","個人用","","対象外","8407","0","ライフ　白銅","","","3","会OL","","0","","no","",""
"2101","","","2025/05/06","事業主貸","","","対象外","4204","0","","","","対象外","0","0","","","","3","会OL","","","","no","",""
"2110","","","2025/05/10","車両費","","","課対仕入込10%適格","1630","148","現金","個人用","","対象外","3260","0","ライフ　白銅","","","3","会OL","","0","","no","",""
"2101","","","2025/05/10","事業主貸","","","対象外","1630","0","","","","対象外","0","0","","","","3","会OL","","","","no","",""
"2110","","","2025/04/29","車両費","","","課対仕入込10%適格","2588","235","現金","個人用","","対象外","5177","0","ライフ　白銅","","","3","会OL","","0","","no","",""
"2101","","","2025/04/29","事業主貸","","","対象外","2589","0","","","","対象外","0","0","","","","3","会OL","","","","no","",""
"2000","","","2025/05/15","通信費","","","課対仕入込10%適格","1080","98","クレジットカード","個人用","","対象外","1080","0","カード：ＡＰＰＬＥ　ＣＯＭ　ＢＩＬＬ","","","0","会OL","","0","","no","",""
"2000","","","2025/05/23","通信費","","","課対仕入込10%適格","450","40","クレジットカード","個人用","","対象外","450","0","カード：ＡＰＰＬＥ　ＣＯＭ　ＢＩＬＬ","","","0","会OL","","0","","no","",""
"2000","","","2025/05/27","通信費","","","課対仕入込10%適格","500","45","クレジットカード","個人用","","対象外","500","0","カード：ＡＭＺ＊ＭＵＲＡＧＯＮ．ＣＯＭ","","","0","会OL","","0","","no","",""
"2000","","","2025/05/31","通信費","","","課対仕入込10%適格","3404","309","クレジットカード","個人用","","対象外","3404","0","カード：ドコモ　ゴリヨウリヨウキン　　　　　　　　　０６ガツ","","","0","会OL","","0","","no","",""
"2000","","","2025/06/01","通信費","","","課対仕入込10%適格","120","10","クレジットカード","個人用","","対象外","120","0","カード：ＡＰＰＬＥ　ＣＯＭ　ＢＩＬＬ","","","0","会OL","","0","","no","",""
"2000","","","2025/06/05","通信費","","","課対仕入込10%適格","300","27","クレジットカード","個人用","","対象外","300","0","カード：ＰＡＹＰＡＬ　＊ＷＩＫＩＰＥＤＩＡ　　　　　　　４１","","","0","会OL","","0","","no","",""
"2000","","","2025/06/05","通信費","","","課対仕入込10%適格","600","54","クレジットカード","個人用","","対象外","600","0","カード：ｱﾏｿﾞﾝﾌﾟﾗｲﾑｶｲﾋ","","","0","会OL","","0","","no","",""
"2000","","","2025/06/05","消耗品費","","","課対仕入込10%適格","4290","390","クレジットカード","個人用","","対象外","4290","0","カード：ペイントアンドユ－ル　　　　　　（ラクテン","","","0","会OL","","0","","no","",""
"2000","","","2025/06/08","消耗品費","","","課対仕入込10%適格","1980","180","クレジットカード","個人用","","対象外","1980","0","カード：ダイソ－","","","0","会OL","","0","","no","",""
"2000","","","2025/06/02","消耗品費","","","課対仕入込10%適格","1487","135","クレジットカード","個人用","","対象外","1487","0","カード：AMAZON.CO.JP","","","0","会OL","","0","","no","",""
"2000","","","2025/06/02","消耗品費","","","課対仕入込10%適格","2594","235","クレジットカード","個人用","","対象外","2594","0","カード：AMAZON.CO.JP","","","0","会OL","","0","","no","",""
"2000","","","2025/06/03","消耗品費","","","課対仕入込10%適格","4510","410","クレジットカード","個人用","","対象外","4510","0","カード：ＰＡＹＰＡＬ　＊ＡＬＩＰＡＹ　ＥＵＲ　　　　　　３５","","","0","会OL","","0","","no","",""
"2000","","","2025/06/03","消耗品費","","","課対仕入込10%適格","3335","303","クレジットカード","個人用","","対象外","3335","0","カード：AMAZON.CO.JP","","","0","会OL","","0","","no","",""
"2000","","","2025/06/03","消耗品費","","","課対仕入込10%適格","970","88","クレジットカード","個人用","","対象外","970","0","カード：AMAZON.CO.JP","","","0","会OL","","0","","no","",""
"2000","","","2025/05/30","消耗品費","","","課対仕入込10%適格","3984","362","クレジットカード","個人用","","対象外","3984","0","カード：AMAZON.CO.JP","","","0","会OL","","0","","no","",""
"2000","","","2025/05/24","消耗品費","","","課対仕入込10%適格","4155","377","クレジットカード","個人用","","対象外","4155","0","ロイヤルホームセンター南千住","","","0","会OL","","0","","no","",""
"2000","","","2025/05/29","消耗品費","","","課対仕入込10%適格","794","72","クレジットカード","個人用","","対象外","794","0","カード：AMAZON.CO.JP","","","0","会OL","","0","","no","",""
"2000","","","2025/05/29","消耗品費","","","課対仕入込10%適格","8998","818","クレジットカード","個人用","","対象外","8998","0","カード：AMAZON.CO.JP","","","0","会OL","","0","","no","",""
"2000","","","2025/05/29","消耗品費","","","課対仕入込10%適格","1987","180","クレジットカード","個人用","","対象外","1987","0","DAISO 三ノ輪店","","","0","会OL","","0","","no","",""
"2000","","","2025/05/29","消耗品費","","","課対仕入込10%適格","823","74","現金","個人用","","対象外","823","0","ロイヤルホームセンター南千住","","","0","会OL","","0","","no","",""
"2000","","","2025/05/29","消耗品費","","","課対仕入込10%適格","2081","189","現金","個人用","","対象外","2081","0","オリンピック三ノ輪店","","","0","会OL","","0","","no","",""
"2000","","","2025/05/15","消耗品費","","","課対仕入込10%適格","2189","199","現金","個人用","","対象外","2189","0","ロイヤルホームセンター南千住","","","0","会OL","","0","","no","",""
"2000","","","2025/05/14","消耗品費","","","課対仕入込10%適格","1478","134","クレジットカード","個人用","","対象外","1478","0","カード：AMAZON.CO.JP","","","0","会OL","","0","","no","",""
"2000","","","2025/05/14","消耗品費","","","課対仕入込10%適格","4054","368","クレジットカード","個人用","","対象外","4054","0","ロイヤルホームセンター南千住","","","0","会OL","","0","","no","",""
"2000","","","2025/05/21","消耗品費","","","課対仕入込10%適格","2578","234","クレジットカード","個人用","","対象外","2578","0","カード：ロイヤルホ－ムセンタ","","","0","会OL","","0","","no","",""
"2000","","","2025/05/21","消耗品費","","","課対仕入込10%適格","2578","234","クレジットカード","個人用","","対象外","2578","0","ロイヤルホームセンター南千住","","","0","会OL","","0","","no","",""
"2000","","","2025/05/22","消耗品費","","","課対仕入込10%適格","3398","308","クレジットカード","個人用","","対象外","3398","0","カード：AMAZON.CO.JP","","","0","会OL","","0","","no","",""
"2110","","","2025/05/18","車両費","","","課対仕入込10%適格","3820","347","現金","個人用","","対象外","7640","0","ライフ　白銅","","","3","会OL","","0","","no","",""
"2101","","","2025/05/18","事業主貸","","","対象外","3820","0","","","","対象外","0","0","","","","3","会OL","","","","no","",""
"2000","","","2025/06/03","車両費","","","課対仕入込10%適格","5560","505","クレジットカード","個人用","","対象外","5560","0","カード：AMAZON.CO.JP","","","0","会OL","","0","","no","",""
"2110","","","2025/06/02","車両費","","","課対仕入込10%適格","3751","341","現金","個人用","","対象外","7502","0","ライフ　白銅","","","3","会OL","","0","","no","",""
"2101","","","2025/06/02","事業主貸","","","対象外","3751","0","","","","対象外","0","0","","","","3","会OL","","","","no","",""
"2000","","","2025/06/05","一括償却資産","2025年度分","","課対仕入込10%適格","182290","16571","クレジットカード","個人用","","対象外","182290","0","カード：SP DABBSSON JP利用国HK","","","0","会OL","","0","","no","",""
"2000","","","2025/07/30","仕入","","","課対仕入込10%適格","33836","3076","クレジットカード","個人用","","対象外","33836","0","カード：タカハマライフア－ト","","","0","会OL","","0","","no","",""
"2000","","","2025/08/03","旅費交通費","","","課対仕入込10%適格","5500","500","現金","個人用","","対象外","5500","0","オートバックス　長岡","","","0","会OL","","0","","no","",""
"2000","","","2025/08/01","旅費交通費","","","課対仕入込10%適格","700","63","クレジットカード","個人用","","対象外","700","0","タクシー","","","0","会OL","","0","","no","",""
"2000","","","2025/07/16","旅費交通費","","","課対仕入込10%適格","700","63","クレジットカード","個人用","","対象外","700","0","タクシー","","","0","会OL","","0","","no","",""
"2000","","","2025/07/16","旅費交通費","","","課対仕入込10%適格","700","63","クレジットカード","個人用","","対象外","700","0","タクシー","","","0","会OL","","0","","no","",""
"2000","","","2025/07/17","旅費交通費","","","課対仕入込10%適格","700","63","現金","個人用","","対象外","700","0","タクシー","","","0","会OL","","0","","no","",""
"2000","","","2025/07/23","通信費","","","課対仕入込10%適格","450","40","クレジットカード","個人用","","対象外","450","0","カード：ＡＰＰＬＥ　ＣＯＭ　ＢＩＬＬ","","","0","会OL","","0","","no","",""
"2000","","","2025/07/23","通信費","","","課対仕入込10%適格","3000","272","クレジットカード","個人用","","対象外","3000","0","カード：ＡＰＰＬＥ　ＣＯＭ　ＢＩＬＬ","","","0","会OL","","0","","no","",""
"2000","","","2025/07/21","通信費","","","課対仕入込10%適格","1640","149","クレジットカード","個人用","","対象外","1640","0","カード：ＡＤＯＢＥ．ＣＯＭ　　　　　　　　　　　　　　　ＳＡ","","","0","会OL","","0","","no","",""
"2000","","","2025/07/25","通信費","","","課対仕入込10%適格","163","14","クレジットカード","個人用","","対象外","163","0","カード：ＡＭＡＺＯＮ　ＤＯＷＮＬＯＡＤＳ","","","0","会OL","","0","","no","",""
"2000","","","2025/07/27","通信費","","","課対仕入込10%適格","500","45","クレジットカード","個人用","","対象外","500","0","カード：ＡＭＺ＊ＭＵＲＡＧＯＮ．ＣＯＭ","","","0","会OL","","0","","no","",""
"2000","","","2025/07/31","通信費","","","課対仕入込10%適格","4326","393","クレジットカード","個人用","","対象外","4326","0","カード：ドコモ　ゴリヨウリヨウキン　　　　　　　　　０８ガツ","","","0","会OL","","0","","no","",""
"2000","","","2025/06/15","通信費","","","課対仕入込10%適格","5320","483","クレジットカード","個人用","","対象外","5320","0","カード：ＡＰＰＬＥ　ＣＯＭ　ＢＩＬＬ","","","0","会OL","","0","","no","",""
"2000","","","2025/06/20","通信費","","","課対仕入込10%適格","1000","90","クレジットカード","個人用","","対象外","1000","0","カード：ＡＰＰＬＥ　ＣＯＭ　ＢＩＬＬ","","","0","会OL","","0","","no","",""
"2000","","","2025/06/23","通信費","","","課対仕入込10%適格","450","40","クレジットカード","個人用","","対象外","450","0","カード：ＡＰＰＬＥ　ＣＯＭ　ＢＩＬＬ","","","0","会OL","","0","","no","",""
"2000","","","2025/06/29","通信費","","","課対仕入込10%適格","1509","137","クレジットカード","個人用","","対象外","1509","0","カード：ＰＡＹＰＡＬ　＊ＮＣＨＳＯＦＴＷＡＲＥ　　　　　４０","","","0","会OL","","0","","no","",""
"2000","","","2025/06/30","通信費","","","課対仕入込10%適格","4107","373","クレジットカード","個人用","","対象外","4107","0","カード：ドコモ　ゴリヨウリヨウキン　　　　　　　　　０７ガツ","","","0","会OL","","0","","no","",""
"2000","","","2025/06/27","通信費","","","課対仕入込10%適格","500","45","クレジットカード","個人用","","対象外","500","0","カード：ＡＭＺ＊ＭＵＲＡＧＯＮ．ＣＯＭ","","","0","会OL","","0","","no","",""
"2000","","","2025/07/02","通信費","","","課対仕入込10%適格","120","10","クレジットカード","個人用","","対象外","120","0","カード：ＡＰＰＬＥ　ＣＯＭ　ＢＩＬＬ","","","0","会OL","","0","","no","",""
"2000","","","2025/07/03","通信費","","","課対仕入込10%適格","3000","272","クレジットカード","個人用","","対象外","3000","0","カード：ＡＰＰＬＥ　ＣＯＭ　ＢＩＬＬ","","","0","会OL","","0","","no","",""
"2000","","","2025/07/09","通信費","","","課対仕入込10%適格","1090","99","クレジットカード","個人用","","対象外","1090","0","カード：ＡＰＰＬＥ　ＣＯＭ　ＢＩＬＬ","","","0","会OL","","0","","no","",""
"2000","","","2025/07/08","消耗品費","","","課対仕入込10%適格","17424","1584","クレジットカード","個人用","","対象外","17424","0","カード：ＡＭＡＺＯＮ．ＣＯ．ＪＰ","","","0","会OL","","0","","no","",""
"2000","","","2025/07/10","消耗品費","","","課対仕入込10%適格","4567","415","クレジットカード","個人用","","対象外","4567","0","カード：ＡＭＡＺＯＮ．ＣＯ．ＪＰ","","","0","会OL","","0","","no","",""
"2000","","","2025/07/10","消耗品費","","","課対仕入込10%適格","2072","188","クレジットカード","個人用","","対象外","2072","0","カード：ＡＭＡＺＯＮ．ＣＯ．ＪＰ","","","0","会OL","","0","","no","",""
"2000","","","2025/07/10","消耗品費","","","課対仕入込10%適格","1190","108","クレジットカード","個人用","","対象外","1190","0","カード：ＡＭＡＺＯＮ．ＣＯ．ＪＰ","","","0","会OL","","0","","no","",""
"2000","","","2025/07/11","消耗品費","","","課対仕入込10%適格","11050","1004","クレジットカード","個人用","","対象外","11050","0","カード：ＡＭＡＺＯＮ．ＣＯ．ＪＰ","","","0","会OL","","0","","no","",""
"2000","","","2025/07/15","消耗品費","","","課対仕入込10%適格","927","84","クレジットカード","個人用","","対象外","927","0","カード：ＡＭＡＺＯＮ．ＣＯ．ＪＰ","","","0","会OL","","0","","no","",""
"2000","","","2025/07/15","消耗品費","","","課対仕入込10%適格","927","84","クレジットカード","個人用","","対象外","927","0","カード：ＡＭＡＺＯＮ．ＣＯ．ＪＰ","","","0","会OL","","0","","no","",""
"2000","","","2025/07/06","消耗品費","","","課対仕入込10%適格","3773","343","クレジットカード","個人用","","対象外","3773","0","カード：ジヨイフルホンダ　ウツノミヤテン","","","0","会OL","","0","","no","",""
"2000","","","2025/07/02","消耗品費","","","課対仕入込10%適格","2798","254","クレジットカード","個人用","","対象外","2798","0","カード：AMAZON.CO.JP","","","0","会OL","","0","","no","",""
"2000","","","2025/07/01","消耗品費","","","課対仕入込10%適格","4528","411","クレジットカード","個人用","","対象外","4528","0","カード：AMAZON.CO.JP","","","0","会OL","","0","","no","",""
"2000","","","2025/06/29","消耗品費","","","課対仕入込10%適格","658","59","クレジットカード","個人用","","対象外","658","0","カード：ダイソ－","","","0","会OL","","0","","no","",""
"2000","","","2025/06/26","消耗品費","","","課対仕入込軽減8%適格","2380","176","クレジットカード","個人用","","対象外","2380","0","カード：エムラインストア　　　　　　　　　　（ラクテン","","","0","会OL","","0","","no","",""
"2000","","","2025/06/22","消耗品費","","","課対仕入込10%適格","2983","271","クレジットカード","個人用","","対象外","2983","0","カード：ジヨイフルホンダ　ウツノミヤテン","","","0","会OL","","0","","no","",""
"2000","","","2025/06/24","消耗品費","","","課対仕入込軽減8%適格","5303","392","クレジットカード","個人用","","対象外","5303","0","カード：AMAZON.CO.JP","","","0","会OL","","0","","no","",""
"2000","","","2025/06/15","消耗品費","","","課対仕入込10%適格","7678","698","クレジットカード","個人用","","対象外","7678","0","カード：ジヨイフルホンダ　ウツノミヤテン","","","0","会OL","","0","","no","",""
"2000","","","2025/06/15","消耗品費","","","課対仕入込10%適格","3473","315","クレジットカード","個人用","","対象外","3473","0","カード：ジヨイフルホンダ　ウツノミヤテン","","","0","会OL","","0","","no","",""
"2000","","","2025/06/08","消耗品費","","","課対仕入込10%適格","2900","263","クレジットカード","個人用","","対象外","2900","0","カード：AMAZON.CO.JP","","","0","会OL","","0","","no","",""
"2000","","","2025/06/08","消耗品費","","","課対仕入込10%適格","4407","400","クレジットカード","個人用","","対象外","4407","0","カード：ジヨイフルホンダ　ウツノミヤテン","","","0","会OL","","0","","no","",""
"2000","","","2025/06/08","消耗品費","","","課対仕入込10%適格","5462","496","クレジットカード","個人用","","対象外","5462","0","カード：AMAZON.CO.JP","","","0","会OL","","0","","no","",""
"2000","","","2025/06/09","消耗品費","","","課対仕入込10%適格","3199","290","クレジットカード","個人用","","対象外","3199","0","カード：AMAZON.CO.JP","","","0","会OL","","0","","no","",""
"2000","","","2025/06/11","消耗品費","","","課対仕入込10%適格","32667","2969","クレジットカード","個人用","","対象外","32667","0","カード：ジ－セレクト　ホンテン","","","0","会OL","","0","","no","",""
"2000","","","2025/08/01","消耗品費","","","課対仕入込10%適格","2200","200","クレジットカード","個人用","","対象外","2200","0","DAISO LALAテラス店","","","0","会OL","","0","","no","",""
"2000","","","2025/08/01","消耗品費","","","課対仕入込10%適格","1089","99","現金","個人用","","対象外","1089","0","ロイヤルホームセンター南千住","","","0","会OL","","0","","no","",""
"2000","","","2025/08/01","消耗品費","","","課対仕入込10%適格","1613","146","現金","個人用","","対象外","1613","0","ロイヤルホームセンター南千住","","","0","会OL","","0","","no","",""
"2000","","","2025/08/01","消耗品費","","","課対仕入込10%適格","5467","497","現金","個人用","","対象外","5467","0","ロイヤルホームセンター南千住","","","0","会OL","","0","","no","",""
"2000","","","2025/07/27","消耗品費","","","課対仕入込10%適格","7353","668","クレジットカード","個人用","","対象外","7353","0","カード：ジヨイフルホンダ　ウツノミヤテン","","","0","会OL","","0","","no","",""
"2000","","","2025/07/28","消耗品費","","","課対仕入込10%適格","1599","145","クレジットカード","個人用","","対象外","1599","0","カード：ＡＭＡＺＯＮ．ＣＯ．ＪＰ","","","0","会OL","","0","","no","",""
"2000","","","2025/07/28","消耗品費","","","課対仕入込10%適格","2098","190","クレジットカード","個人用","","対象外","2098","0","カード：ＡＭＡＺＯＮ．ＣＯ．ＪＰ","","","0","会OL","","0","","no","",""
"2000","","","2025/07/29","消耗品費","","","課対仕入込10%適格","3599","327","クレジットカード","個人用","","対象外","3599","0","カード：ＡＭＡＺＯＮ．ＣＯ．ＪＰ","","","0","会OL","","0","","no","",""
"2000","","","2025/07/29","消耗品費","","","課対仕入込10%適格","1599","145","クレジットカード","個人用","","対象外","1599","0","カード：ＡＭＡＺＯＮ．ＣＯ．ＪＰ","","","0","会OL","","0","","no","",""
"2000","","","2025/07/18","消耗品費","","","課対仕入込10%適格","999","90","クレジットカード","個人用","","対象外","999","0","カード：ＡＭＡＺＯＮ．ＣＯ．ＪＰ","","","0","会OL","","0","","no","",""
"2000","","","2025/07/14","消耗品費","","","課対仕入込10%適格","18770","1706","クレジットカード","個人用","","対象外","18770","0","カード：ＡＭＡＺＯＮ．ＣＯ．ＪＰ","","","0","会OL","","0","","no","",""
"2000","","","2025/07/16","消耗品費","","","課対仕入込10%適格","2647","240","クレジットカード","個人用","","対象外","2647","0","カード：ＡＭＡＺＯＮ．ＣＯ．ＪＰ","","","0","会OL","","0","","no","",""
"2110","","","2025/07/18","車両費","","","課対仕入込10%適格","3704","336","現金","個人用","","対象外","7409","0","ライフ　白銅","","","3","会OL","","0","","no","",""
"2101","","","2025/07/18","事業主貸","","","対象外","3705","0","","","","対象外","0","0","","","","3","会OL","","","","no","",""
"2000","","","2025/08/02","車両費","","","課対仕入込10%適格","7845","713","クレジットカード","個人用","","対象外","7845","0","カード：ＪＡＳＳ　サカイ","","","0","会OL","","0","","no","",""
"2000","","","2025/08/04","車両費","","","課対仕入込10%適格","8806","800","クレジットカード","個人用","","対象外","8806","0","カード：ＥＮＥＯＳ　ＳＳ","","","0","会OL","","0","","no","",""
"2110","","","2025/06/17","車両費","","","課対仕入込10%適格","3547","322","現金","個人用","","対象外","7094","0","ライフ　白銅","","","3","会OL","","0","","no","",""
"2101","","","2025/06/17","事業主貸","","","対象外","3547","0","","","","対象外","0","0","","","","3","会OL","","","","no","",""
"2000","","","2025/06/25","車両費","","","課対仕入込10%適格","63688","5789","クレジットカード","個人用","","対象外","63688","0","カード：イエローハットグループ","","","0","会OL","","0","","no","",""
"2000","","","2025/06/26","車両費","","","課対仕入込10%適格","5324","484","クレジットカード","個人用","","対象外","5324","0","カード：ＰＡＹＰＡＬ　＊ＡＬＩＰＡＹ　ＥＵＲ　　　　　　３５","","","0","会OL","","0","","no","",""
"2110","","","2025/06/30","車両費","","","課対仕入込10%適格","4160","378","現金","個人用","","対象外","8321","0","ライフ　白銅","","","3","会OL","","0","","no","",""
"2101","","","2025/06/30","事業主貸","","","対象外","4161","0","","","","対象外","0","0","","","","3","会OL","","","","no","",""
"2110","","","2025/07/12","車両費","","","課対仕入込10%適格","4199","381","現金","個人用","","対象外","8399","0","ライフ　白銅","","","3","会OL","","0","","no","",""
"2101","","","2025/07/12","事業主貸","","","対象外","4200","0","","","","対象外","0","0","","","","3","会OL","","","","no","",""
"2000","","","2025/10/12","現金","個人用","","対象外","1000","0","売上","","","課税売上込10%","1000","90","商品の販売 ステッカー　2枚","","","0","会OL","","0","","no","",""
"2000","","","2025/10/19","現金","個人用","","対象外","2000","0","売上","","","課税売上込10%","2000","181","商品の販売 ステッカー　４枚","","","0","会OL","","0","","no","",""
"2000","","","2025/10/19","現金","個人用","","対象外","3000","0","売上","","","課税売上込10%","3000","272","商品の販売 ステッカー　6枚","","","0","会OL","","0","","no","",""
"2000","","","2025/10/19","現金","個人用","","対象外","1500","0","売上","","","課税売上込10%","1500","136","商品の販売 ステッカー　3枚","","","0","会OL","","0","","no","",""
"2000","","","2025/08/27","仕入","","","課対仕入込10%適格","54175","4925","その他の預金","","","対象外","54175","0","商品や材料の仕入れ","","","0","会OL","","0","","no","グッドスミス",""
"2110","","本決","2025/12/31","減価償却費","","","対象外","79597","0","一括償却資産","2025年度分","","対象外","98430","0","2025年度分一括償却","","","3","会OL","","0","","no","",""
"2101","","本決","2025/12/31","事業主貸","","","対象外","18833","0","","","","対象外","0","0","","","","3","会OL","","","","no","",""
"2000","","","2025/10/19","地代家賃","","","課対仕入込10%適格","21000","1909","普通預金","個人用","","対象外","21000","0","普通預金：振込 カ）セキガミフドウサン","","","0","会OL","","0","","no","関上不動産",""
"2110","","","2025/11/09","車両費","","","課対仕入込10%適格","45865","4169","クレジットカード","個人用","","対象外","54065","0","セキチュウ　沼田恩田店　車検代","","","3","会OL","","0","","no","",""
"2100","","","2025/11/09","租税公課","","","対象外","6600","0","","","","対象外","0","0","","","","3","会OL","","","","no","",""
"2101","","","2025/11/09","租税公課","","","対象外","1600","0","","","","対象外","0","0","","","","3","会OL","","","","no","",""
"2000","","","2025/10/25","水道光熱費","","","課対仕入込10%適格","1100","100","現金","個人用","","対象外","1100","0","ライフ　白銅 灯油","","","0","会OL","","0","","no","",""
"2000","","本決","2025/12/31","事業主貸","","","対象外","5369","0","水道光熱費","","","課対仕入込10%適格","5369","488","家事按分","","","0","会OL","","0","","no","",""
"2000","","","2025/12/10","旅費交通費","","","課対仕入込10%適格","790","71","クレジットカード","個人用","","対象外","790","0","カード：ＥＴＣツウコウリヨウキン　ヒガシ　　　　　　　ヤワラ","","","0","会OL","","0","","no","",""
"2000","","","2025/10/27","旅費交通費","","","課対仕入込10%適格","1340","121","クレジットカード","個人用","","対象外","1340","0","カード：ＥＴＣツウコウリヨウキン　ヒガシ　　　　　　　ヒガシ","","","0","会OL","","0","","no","",""
"2000","","","2025/08/26","旅費交通費","","","課対仕入込10%適格","600","54","現金","個人用","","対象外","600","0","三ツ矢観光自動車","","","0","会OL","","0","","no","",""
"2000","","","2025/08/15","旅費交通費","","","課対仕入込10%適格","700","63","クレジットカード","個人用","","対象外","700","0","タクシー","","","0","会OL","","0","","no","",""
"2000","","","2025/09/27","旅費交通費","","","課対仕入込10%適格","1220","110","クレジットカード","個人用","","対象外","1220","0","カード：ＥＴＣシンヤワリビキ　ヒガシ　　　　　　　　オオタヤ","","","0","会OL","","0","","no","",""
"2000","","","2025/08/31","旅費交通費","","","課対仕入込10%適格","300","27","クレジットカード","個人用","","対象外","300","0","カード：ＥＴＣシンヤワリビキ　ヒガシ　　　　　　　　ヤワラ","","","0","会OL","","0","","no","",""
"2000","","","2025/09/21","旅費交通費","","","課対仕入込10%適格","880","80","クレジットカード","個人用","","対象外","880","0","カード：ＥＴＣトクワリ（シユトコウ）　　　　　　　　　　ジヨ","","","0","会OL","","0","","no","",""
"2000","","","2025/09/22","旅費交通費","","","課対仕入込10%適格","590","53","クレジットカード","個人用","","対象外","590","0","カード：ＥＴＣツウコウリヨウキン（シユトコウ）　　　　　ツツ","","","0","会OL","","0","","no","",""
"2000","","","2025/09/12","通信費","","","課対仕入込10%適格","4481","407","クレジットカード","個人用","","対象外","4481","0","カード：ラクテンモバイルツウシンリョウ","","","0","会OL","","0","","no","",""
"2000","","","2025/09/16","通信費","","","課対仕入込10%適格","1480","134","クレジットカード","個人用","","対象外","1480","0","カード：ＡＰＰＬＥ　ＣＯＭ　ＢＩＬＬ","","","0","会OL","","0","","no","",""
"2000","","","2025/08/31","通信費","","","課対仕入込10%適格","3414","310","クレジットカード","個人用","","対象外","3414","0","カード：ドコモ　ゴリヨウリヨウキン　　　　　　　　　０９ガツ","","","0","会OL","","0","","no","",""
"2000","","","2025/09/03","通信費","","","課対仕入込10%適格","3690","335","クレジットカード","個人用","","対象外","3690","0","カード：ＡＰＰＬＥ　ＣＯＭ　ＢＩＬＬ","","","0","会OL","","0","","no","",""
"2000","","","2025/10/12","通信費","","","課対仕入込10%適格","4393","399","クレジットカード","個人用","","対象外","4393","0","カード：ラクテンモバイルツウシンリョウ","","","0","会OL","","0","","no","",""
"2000","","","2025/08/27","通信費","","","課対仕入込10%適格","500","45","クレジットカード","個人用","","対象外","500","0","カード：ＡＭＺ＊ＭＵＲＡＧＯＮ．ＣＯＭ","","","0","会OL","","0","","no","",""
"2000","","","2025/08/25","通信費","","","課対仕入込10%適格","163","14","クレジットカード","個人用","","対象外","163","0","カード：ＡＭＡＺＯＮ　ＤＯＷＮＬＯＡＤＳ","","","0","会OL","","0","","no","",""
"2000","","","2025/08/21","通信費","","","課対仕入込10%適格","1640","149","クレジットカード","個人用","","対象外","1640","0","カード：ＩＬＬＵＳＴＲＡＴＯＲ　　　　　　　　　　　　　ＳＡ","","","0","会OL","","0","","no","",""
"2000","","","2025/10/27","通信費","","","課対仕入込10%適格","500","45","クレジットカード","個人用","","対象外","500","0","カード：ＡＭＺ＊ＭＵＲＡＧＯＮ．ＣＯＭ","","","0","会OL","","0","","no","",""
"2000","","","2025/10/31","通信費","","","課対仕入込10%適格","4140","376","クレジットカード","個人用","","対象外","4140","0","カード：ドコモ　ゴリヨウリヨウキン　　　　　　　　　１１ガツ","","","0","会OL","","0","","no","",""
"2000","","","2025/10/21","通信費","","","課対仕入込10%適格","1640","149","クレジットカード","個人用","","対象外","1640","0","カード：ＩＬＬＵＳＴＲＡＴＯＲ　　　　　　　　　　　　　ＳＡ","","","0","会OL","","0","","no","",""
"2000","","","2025/11/12","通信費","","","課対仕入込10%適格","4382","398","クレジットカード","個人用","","対象外","4382","0","カード：ラクテンモバイルツウシンリョウ","","","0","会OL","","0","","no","",""
"2000","","","2025/12/12","通信費","","","課対仕入込10%適格","4382","398","クレジットカード","個人用","","対象外","4382","0","カード：ラクテンモバイルツウシンリョウ","","","0","会OL","","0","","no","",""
"2000","","","2025/12/25","通信費","","","課対仕入込10%適格","163","14","クレジットカード","個人用","","対象外","163","0","カード：ＡＭＡＺＯＮ　ＤＯＷＮＬＯＡＤＳ","","","0","会OL","","0","","no","",""
"2000","","","2025/12/29","通信費","","","課対仕入込10%適格","1631","148","クレジットカード","個人用","","対象外","1631","0","カード：ＰＡＹＰＡＬ　＊ＮＣＨＳＯＦＴＷＡＲＥ　　　　　４０","","","0","会OL","","0","","no","",""
"2000","","","2025/12/11","消耗品費","","","課対仕入込10%適格","1680","152","クレジットカード","個人用","","対象外","1680","0","カード：ＡＭＡＺＯＮ．ＣＯ．ＪＰ","","","0","会OL","","0","","no","",""
"2000","","","2025/12/21","消耗品費","","","課対仕入込10%適格","756","68","クレジットカード","個人用","","対象外","756","0","カード：ＡＭＡＺＯＮ．ＣＯ．ＪＰ","","","0","会OL","","0","","no","",""
"2000","","","2025/12/21","消耗品費","","","課対仕入込10%適格","2999","272","クレジットカード","個人用","","対象外","2999","0","カード：ＡＭＡＺＯＮ．ＣＯ．ＪＰ","","","0","会OL","","0","","no","",""
"2000","","","2025/12/18","消耗品費","","","課対仕入込10%適格","2862","260","クレジットカード","個人用","","対象外","2862","0","カード：ヤフ－　ザッカショップケーティー","","","0","会OL","","0","","no","",""
"2000","","","2025/11/16","消耗品費","","","課対仕入込10%適格","1435","130","クレジットカード","個人用","","対象外","1435","0","カード：ＡＭＡＺＯＮ．ＣＯ．ＪＰ","","","0","会OL","","0","","no","",""
"2000","","","2025/11/03","消耗品費","","","課対仕入込10%適格","796","72","現金","個人用","","対象外","796","0","イエローハット　宇都宮南店","","","0","会OL","","0","","no","",""
"2000","","","2025/11/09","消耗品費","","","課対仕入込10%適格","1679","152","クレジットカード","個人用","","対象外","1679","0","カード：ＰＡＹＰＡＬ　＊ＡＬＩＰＡＹ　ＥＵＲ　　　　　　３５","","","0","会OL","","0","","no","",""
"2000","","","2025/11/17","消耗品費","","","課対仕入込10%適格","3417","310","クレジットカード","個人用","","対象外","3417","0","カード：ＰＡＹＰＡＬ　＊ＡＬＩＰＡＹ　ＥＵＲ　　　　　　３５","","","0","会OL","","0","","no","",""
"2000","","","2025/11/17","消耗品費","","","課対仕入込10%適格","3383","307","クレジットカード","個人用","","対象外","3383","0","カード：ＰＡＹＰＡＬ　＊ＡＬＩＰＡＹ　ＥＵＲ　　　　　　３５","","","0","会OL","","0","","no","",""
"2000","","","2025/11/20","消耗品費","","","課対仕入込10%適格","15299","1390","クレジットカード","個人用","","対象外","15299","0","カード：ＡＭＡＺＯＮ．ＣＯ．ＪＰ","","","0","会OL","","0","","no","",""
"2000","","","2025/11/20","消耗品費","","","課対仕入込10%適格","15800","1436","クレジットカード","個人用","","対象外","15800","0","カード：ＡＭＡＺＯＮ．ＣＯ．ＪＰ","","","0","会OL","","0","","no","",""
"2000","","","2025/11/24","消耗品費","","","課対仕入込軽減8%適格","4740","351","クレジットカード","個人用","","対象外","4740","0","カード：コメリハ－ドアンドグリ－ンミナカミ","","","0","会OL","","0","","no","",""
"2000","","","2025/11/24","消耗品費","","","課対仕入込軽減8%適格","3980","294","クレジットカード","個人用","","対象外","3980","0","カード：コメリハ－ドアンドグリ－ンミナカミ","","","0","会OL","","0","","no","",""
"2000","","","2025/12/08","消耗品費","","","課対仕入込10%適格","13340","1212","クレジットカード","個人用","","対象外","13340","0","カード：ＡＭＡＺＯＮ．ＣＯ．ＪＰ","","","0","会OL","","0","","no","",""
"2000","","","2025/10/16","消耗品費","","","課対仕入込10%適格","3410","310","クレジットカード","個人用","","対象外","3410","0","カード：ＡＭＡＺＯＮ．ＣＯ．ＪＰ","","","0","会OL","","0","","no","",""
"2000","","","2025/10/11","消耗品費","","","課対仕入込10%適格","6084","553","クレジットカード","個人用","","対象外","6084","0","コメリ　水上店","","","0","会OL","","0","","no","",""
"2000","","","2025/10/15","消耗品費","","","課対仕入込10%適格","395","35","クレジットカード","個人用","","対象外","395","0","カード：ＡＭＡＺＯＮ．ＣＯ．ＪＰ","","","0","会OL","","0","","no","",""
"2000","","","2025/11/01","消耗品費","","","課対仕入込10%適格","550","50","クレジットカード","個人用","","対象外","550","0","DAISO 三ノ輪店","","","0","会OL","","0","","no","",""
"2000","","","2025/10/27","消耗品費","","","課対仕入込10%適格","4045","367","クレジットカード","個人用","","対象外","4045","0","カード：セキチユ－","","","0","会OL","","0","","no","",""
"2000","","","2025/10/25","消耗品費","","","課対仕入込10%適格","5159","469","現金","個人用","","対象外","5159","0","オリンピック三ノ輪店","","","0","会OL","","0","","no","",""
"2000","","","2025/10/24","消耗品費","","","課対仕入込10%適格","880","80","現金","個人用","","対象外","880","0","鍵の救急車　新宿店","","","0","会OL","","0","","no","",""
"2000","","","2025/10/26","消耗品費","","","課対仕入込10%適格","13826","1256","クレジットカード","個人用","","対象外","13826","0","カード：セキチユ－","","","0","会OL","","0","","no","",""
"2000","","","2025/08/21","消耗品費","","","課対仕入込10%適格","4595","417","クレジットカード","個人用","","対象外","4595","0","カード：ロイヤルホ－ムセンタ","","","0","会OL","","0","","no","",""
"2000","","","2025/08/20","消耗品費","","","課対仕入込10%適格","9985","907","クレジットカード","個人用","","対象外","9985","0","カード：ＡＭＡＺＯＮ．ＣＯ．ＪＰ","","","0","会OL","","0","","no","",""
"2000","","","2025/08/17","消耗品費","","","課対仕入込10%適格","2869","260","クレジットカード","個人用","","対象外","2869","0","カード：ＡＭＡＺＯＮ．ＣＯ．ＪＰ","","","0","会OL","","0","","no","",""
"2000","","","2025/08/17","消耗品費","","","課対仕入込10%適格","2879","261","クレジットカード","個人用","","対象外","2879","0","カード：ＡＭＡＺＯＮ．ＣＯ．ＪＰ","","","0","会OL","","0","","no","",""
"2000","","","2025/08/14","消耗品費","","","課対仕入込10%適格","4615","419","クレジットカード","個人用","","対象外","4615","0","カード：ＡＭＡＺＯＮ．ＣＯ．ＪＰ","","","0","会OL","","0","","no","",""
"2000","","","2025/08/12","消耗品費","","","課対仕入込10%適格","2847","258","クレジットカード","個人用","","対象外","2847","0","カード：ＡＭＡＺＯＮ．ＣＯ．ＪＰ","","","0","会OL","","0","","no","",""
"2000","","","2025/08/12","消耗品費","","","課対仕入込10%適格","2680","243","クレジットカード","個人用","","対象外","2680","0","カード：ＡＭＡＺＯＮ．ＣＯ．ＪＰ","","","0","会OL","","0","","no","",""
"2000","","","2025/08/05","消耗品費","","","課対仕入込10%適格","2310","210","クレジットカード","個人用","","対象外","2310","0","カード：ＡＭＡＺＯＮ．ＣＯ．ＪＰ","","","0","会OL","","0","","no","",""
"2000","","","2025/08/07","消耗品費","","","課対仕入込10%適格","3680","334","クレジットカード","個人用","","対象外","3680","0","カード：ＡＭＡＺＯＮ．ＣＯ．ＪＰ","","","0","会OL","","0","","no","",""
"2000","","","2025/08/11","消耗品費","","","課対仕入込10%適格","3497","317","クレジットカード","個人用","","対象外","3497","0","カード：ＡＭＡＺＯＮ．ＣＯ．ＪＰ","","","0","会OL","","0","","no","",""
"2000","","","2025/08/06","消耗品費","","","課対仕入込10%適格","610","55","クレジットカード","個人用","","対象外","610","0","カード：ＡＭＡＺＯＮ．ＣＯ．ＪＰ","","","0","会OL","","0","","no","",""
"2000","","","2025/08/06","消耗品費","","","課対仕入込10%適格","458","41","クレジットカード","個人用","","対象外","458","0","カード：ＡＭＡＺＯＮ．ＣＯ．ＪＰ","","","0","会OL","","0","","no","",""
"2000","","","2025/08/06","消耗品費","","","課対仕入込10%適格","1000","90","クレジットカード","個人用","","対象外","1000","0","カード：ＡＭＡＺＯＮ．ＣＯ．ＪＰ","","","0","会OL","","0","","no","",""
"2000","","","2025/08/06","消耗品費","","","課対仕入込10%適格","1245","113","クレジットカード","個人用","","対象外","1245","0","カード：ＡＭＡＺＯＮ．ＣＯ．ＪＰ","","","0","会OL","","0","","no","",""
"2000","","","2025/08/06","消耗品費","","","課対仕入込10%適格","2079","189","クレジットカード","個人用","","対象外","2079","0","カード：ＡＭＡＺＯＮ．ＣＯ．ＪＰ","","","0","会OL","","0","","no","",""
"2000","","","2025/08/10","消耗品費","","","課対仕入込10%適格","4831","439","クレジットカード","個人用","","対象外","4831","0","カード：ジヨイフルホンダ　ウツノミヤテン","","","0","会OL","","0","","no","",""
"2000","","","2025/08/10","消耗品費","","","課対仕入込10%適格","2228","202","クレジットカード","個人用","","対象外","2228","0","カード：ジヨイフルホンダ　ウツノミヤテン","","","0","会OL","","0","","no","",""
"2000","","","2025/08/10","消耗品費","","","課対仕入込10%適格","1980","180","クレジットカード","個人用","","対象外","1980","0","カード：ＡＭＡＺＯＮ．ＣＯ．ＪＰ","","","0","会OL","","0","","no","",""
"2000","","","2025/08/10","消耗品費","","","課対仕入込10%適格","1151","104","クレジットカード","個人用","","対象外","1151","0","カード：ＡＭＡＺＯＮ．ＣＯ．ＪＰ","","","0","会OL","","0","","no","",""
"2000","","","2025/10/12","消耗品費","","","課対仕入込10%適格","1099","99","クレジットカード","個人用","","対象外","1099","0","カード：ＡＭＡＺＯＮ．ＣＯ．ＪＰ","","","0","会OL","","0","","no","",""
"2000","","","2025/09/26","消耗品費","","","課対仕入込10%適格","3054","277","クレジットカード","個人用","","対象外","3054","0","カード：ＰＡＹＰＡＬ　＊ＡＬＩＰＡＹ　ＥＵＲ　　　　　　３５","","","0","会OL","","0","","no","",""
"2000","","","2025/10/10","消耗品費","","","課対仕入込10%適格","395","35","クレジットカード","個人用","","対象外","395","0","カード：ＡＭＡＺＯＮ．ＣＯ．ＪＰ","","","0","会OL","","0","","no","",""
"2000","","","2025/10/06","消耗品費","","","課対仕入込10%適格","3739","339","クレジットカード","個人用","","対象外","3739","0","カード：ＡＭＡＺＯＮ．ＣＯ．ＪＰ","","","0","会OL","","0","","no","",""
"2000","","","2025/10/06","消耗品費","","","課対仕入込10%適格","6540","594","クレジットカード","個人用","","対象外","6540","0","セキチュウ　沼田恩田店","","","0","会OL","","0","","no","",""
"2000","","","2025/10/09","消耗品費","","","課対仕入込10%適格","899","81","クレジットカード","個人用","","対象外","899","0","カード：ＡＭＡＺＯＮ．ＣＯ．ＪＰ","","","0","会OL","","0","","no","",""
"2000","","","2025/10/09","消耗品費","","","課対仕入込10%適格","427","38","クレジットカード","個人用","","対象外","427","0","カード：ＡＭＡＺＯＮ．ＣＯ．ＪＰ","","","0","会OL","","0","","no","",""
"2000","","","2025/09/27","消耗品費","","","課対仕入込10%適格","1580","143","現金","個人用","","対象外","1580","0","コメリ　水上店","","","0","会OL","","0","","no","",""
"2000","","","2025/10/01","消耗品費","","","課対仕入込10%適格","3134","284","クレジットカード","個人用","","対象外","3134","0","カード：ＰＡＹＰＡＬ　＊ＡＬＩＰＡＹ　ＥＵＲ　　　　　　３５","","","0","会OL","","0","","no","",""
"2000","","","2025/10/01","消耗品費","","","課対仕入込10%適格","3016","274","クレジットカード","個人用","","対象外","3016","0","カード：ＰＡＹＰＡＬ　＊ＡＬＩＰＡＹ　ＥＵＲ　　　　　　３５","","","0","会OL","","0","","no","",""
"2000","","","2025/10/07","消耗品費","","","課対仕入込10%適格","8164","742","クレジットカード","個人用","","対象外","8164","0","カード：コ－ナンプロドイトカワゴエテン","","","0","会OL","","0","","no","",""
"2000","","","2025/10/07","消耗品費","","","課対仕入込10%適格","12499","1136","クレジットカード","個人用","","対象外","12499","0","カード：ＡＭＡＺＯＮ．ＣＯ．ＪＰ","","","0","会OL","","0","","no","",""
"2000","","","2025/10/07","消耗品費","","","課対仕入込10%適格","8164","742","クレジットカード","個人用","","対象外","8164","0","コーナンPRO　ドイト川越","","","0","会OL","","0","","no","",""
"2000","","","2025/09/21","消耗品費","","","課対仕入込10%適格","1709","155","クレジットカード","個人用","","対象外","1709","0","カード：ＡＭＡＺＯＮ．ＣＯ．ＪＰ","","","0","会OL","","0","","no","",""
"2000","","","2025/10/19","支払手数料","","","課対仕入込10%適格","145","13","普通預金","個人用","","対象外","145","0","普通預金：振込手数料","","","0","会OL","","0","","no","",""
"2110","","","2025/10/25","車両費","","","課対仕入込10%適格","3052","277","現金","個人用","","対象外","6105","0","ライフ　白銅","","","3","会OL","","0","","no","",""
"2101","","","2025/10/25","事業主貸","","","対象外","3053","0","","","","対象外","0","0","","","","3","会OL","","","","no","",""
"2000","","","2025/11/23","車両費","","","課対仕入込10%適格","7020","638","クレジットカード","個人用","","対象外","7020","0","カード：ＥＮＥＯＳ　ＳＳ","","","0","会OL","","0","","no","",""
"2000","","","2025/11/17","車両費","","","課対仕入込10%適格","1382","125","クレジットカード","個人用","","対象外","1382","0","カード：ＰＡＹＰＡＬ　＊ＡＬＩＰＡＹ　ＥＵＲ　　　　　　３５","","","0","会OL","","0","","no","",""
"2000","","","2025/11/09","車両費","","","課対仕入込10%適格","3561","323","クレジットカード","個人用","","対象外","3561","0","カード：ＪＡＳＳ　タカサキ","","","0","会OL","","0","","no","",""
"2110","","","2025/11/09","車両費","","","課対仕入込10%適格","1780","161","現金","個人用","","対象外","3561","0","JASS 高崎SS","","","3","会OL","","0","","no","",""
"2101","","","2025/11/09","事業主貸","","","対象外","1781","0","","","","対象外","0","0","","","","3","会OL","","","","no","",""
"2110","","","2025/11/09","車両費","","","課対仕入込10%適格","2224","202","現金","個人用","","対象外","4449","0","ENEOS 月夜野店","","","3","会OL","","0","","no","",""
"2101","","","2025/11/09","事業主貸","","","対象外","2225","0","","","","対象外","0","0","","","","3","会OL","","","","no","",""
"2110","","","2025/11/04","車両費","","","課対仕入込10%適格","1787","162","現金","個人用","","対象外","3574","0","ライフ　白銅","","","3","会OL","","0","","no","",""
"2101","","","2025/11/04","事業主貸","","","対象外","1787","0","","","","対象外","0","0","","","","3","会OL","","","","no","",""
"2110","","","2025/12/14","車両費","","","課対仕入込10%適格","1711","155","現金","個人用","","対象外","3422","0","ライフ　白銅","","","3","会OL","","0","","no","",""
"2101","","","2025/12/14","事業主貸","","","対象外","1711","0","","","","対象外","0","0","","","","3","会OL","","","","no","",""
"2110","","","2025/09/21","車両費","","","課対仕入込10%適格","2500","227","現金","個人用","","対象外","5000","0","ENEOS つくばね","","","3","会OL","","0","","no","",""
"2101","","","2025/09/21","事業主貸","","","対象外","2500","0","","","","対象外","0","0","","","","3","会OL","","","","no","",""
"2110","","","2025/09/15","車両費","","","課対仕入込10%適格","1500","136","現金","個人用","","対象外","3000","0","JASS 上津セルフ","","","3","会OL","","0","","no","",""
"2101","","","2025/09/15","事業主貸","","","対象外","1500","0","","","","対象外","0","0","","","","3","会OL","","","","no","",""
"2110","","","2025/09/16","車両費","","","課対仕入込10%適格","2356","214","現金","個人用","","対象外","4713","0","ライフ　白銅","","","3","会OL","","0","","no","",""
"2101","","","2025/09/16","事業主貸","","","対象外","2357","0","","","","対象外","0","0","","","","3","会OL","","","","no","",""
"2110","","","2025/09/07","車両費","","","課対仕入込10%適格","1717","156","現金","個人用","","対象外","3434","0","ライフ　白銅","","","3","会OL","","0","","no","",""
"2101","","","2025/09/07","事業主貸","","","対象外","1717","0","","","","対象外","0","0","","","","3","会OL","","","","no","",""
"2110","","","2025/08/31","車両費","","","課対仕入込10%適格","2000","181","現金","個人用","","対象外","4000","0","コスモ　東関東カンパニーS&CCS新荒井","","","3","会OL","","0","","no","",""
"2101","","","2025/08/31","事業主貸","","","対象外","2000","0","","","","対象外","0","0","","","","3","会OL","","","","no","",""
"2110","","","2025/08/31","車両費","","","課対仕入込10%適格","2195","199","現金","個人用","","対象外","4390","0","ライフ　白銅","","","3","会OL","","0","","no","",""
"2101","","","2025/08/31","事業主貸","","","対象外","2195","0","","","","対象外","0","0","","","","3","会OL","","","","no","",""
"2110","","","2025/10/07","車両費","","","課対仕入込10%適格","4309","391","現金","個人用","","対象外","8618","0","ENEOS 高崎インター東TS","","","3","会OL","","0","","no","",""
"2101","","","2025/10/07","事業主貸","","","対象外","4309","0","","","","対象外","0","0","","","","3","会OL","","","","no","",""
"2110","","","2025/09/27","車両費","","","課対仕入込10%適格","3095","281","現金","個人用","","対象外","6191","0","東日本宇佐美　17号上部国道伊勢崎","","","3","会OL","","0","","no","",""
"2101","","","2025/09/27","事業主貸","","","対象外","3096","0","","","","対象外","0","0","","","","3","会OL","","","","no","",""
"2110","","","2025/08/04","車両費","","","課対仕入込10%適格","4403","400","現金","個人用","","対象外","8806","0","ENEOS 稲荷松給油所","","","3","会OL","","0","","no","",""
"2101","","","2025/08/04","事業主貸","","","対象外","4403","0","","","","対象外","0","0","","","","3","会OL","","","","no","",""
"2110","","","2025/08/16","車両費","","","課対仕入込10%適格","2520","229","現金","個人用","","対象外","5040","0","ライフ　白銅","","","3","会OL","","0","","no","",""
"2101","","","2025/08/16","事業主貸","","","対象外","2520","0","","","","対象外","0","0","","","","3","会OL","","","","no","",""
"2110","","","2025/08/18","車両費","","","課対仕入込10%適格","3991","362","現金","個人用","","対象外","7982","0","JASS 上総ひかり","","","3","会OL","","0","","no","",""
"2101","","","2025/08/18","事業主貸","","","対象外","3991","0","","","","対象外","0","0","","","","3","会OL","","","","no","",""
"2110","","","2025/08/24","車両費","","","課対仕入込10%適格","2957","268","現金","個人用","","対象外","5915","0","出光ハートランド富士給油所","","","3","会OL","","0","","no","",""
"2101","","","2025/08/24","事業主貸","","","対象外","2958","0","","","","対象外","0","0","","","","3","会OL","","","","no","",""
"2110","","","2025/08/25","車両費","","","課対仕入込10%適格","2000","181","現金","個人用","","対象外","4000","0","ENEOS R246裾野","","","3","会OL","","0","","no","",""
"2101","","","2025/08/25","事業主貸","","","対象外","2000","0","","","","対象外","0","0","","","","3","会OL","","","","no","",""
"2110","","","2025/08/30","車両費","","","課対仕入込10%適格","2223","202","現金","個人用","","対象外","4446","0","コスモ　東関東カンパニーS&CCS新荒井","","","3","会OL","","0","","no","",""
"2101","","","2025/08/30","事業主貸","","","対象外","2223","0","","","","対象外","0","0","","","","3","会OL","","","","no","",""
"2000","","","2025/08/25","研修費","","","課対仕入込10%適格","2000","181","クレジットカード","個人用","","対象外","2000","0","カード：ＰＡＹＰＡＬ　＊ＰＥＡＴＩＸ","","","0","会OL","","0","","no","",""
"2000","","","2025/08/25","研修費","","","課対仕入込10%適格","2000","181","クレジットカード","個人用","","対象外","2000","0","カード：ＰＡＹＰＡＬ　＊ＰＥＡＴＩＸ","","","0","会OL","","0","","no","",""
"2000","","","2025/09/13","研修費","","","課対仕入込10%適格","2000","181","クレジットカード","個人用","","対象外","2000","0","カード：ＰＡＹＰＡＬ　＊ＰＥＡＴＩＸ","","","0","会OL","","0","","no","",""
"2000","","","2025/09/01","諸会費","","","課対仕入込10%適格","4000","363","クレジットカード","個人用","","対象外","4000","0","カード：ＪＡＦネンカイヒ","","","0","会OL","","0","","no","",""
"2000","","","2025/09/01","諸会費","","","課対仕入込10%適格","4000","363","クレジットカード","個人用","","対象外","4000","0","カード：ＪＡＦネンカイヒ","","","0","会OL","","0","","no","",""
"2000","","","2025/12/23","諸会費","","","課対仕入込10%適格","1100","100","クレジットカード","個人用","","対象外","1100","0","カード：エクスプレスヨヤク　プラスカイイン","","","0","会OL","","0","","no","",""
"2000","","","2025/10/12","現金","個人用","","対象外","1000","0","売上","","","課税売上込10%","1000","90","商品の販売 ステッカー　2枚","","","0","会OL","","0","","no","",""
"2000","","","2025/10/26","現金","個人用","","対象外","1500","0","売上","","","課税売上込10%","1500","136","商品の販売 ステッカー　3枚","","","0","会OL","","0","","no","",""
"2000","","","2025/09/24","普通預金","個人用","","対象外","10340","0","仕入返品","","","課対仕返込10%適格","10340","940","普通預金：振込 カ）グツドスミス","","","0","会OL","","0","","no","",""
"2000","","本決","2025/12/31","棚卸資産","","","対象外","70000","0","期末商品棚卸高","","","対象外","70000","0","期末棚卸し","","","0","会OL","","0","","no","",""
"2000","","","2025/10/26","租税公課","","","対象外","18040","0","現金","個人用","","対象外","18040","0","セキチュウ　沼田恩田店 自賠責保険","","","0","会OL","","0","","no","",""
"2000","","","2025/10/25","水道光熱費","","","課対仕入込10%適格","6118","556","現金","個人用","","対象外","6118","0","ライフ　白銅 灯油","","","0","会OL","","0","","no","",""
"2000","","","2025/10/25","旅費交通費","","","課対仕入込10%適格","100","9","クレジットカード","個人用","","対象外","100","0","カード：ＥＴＣツウコウリヨウキン　ヒガシ　　　　　　　サカド","","","0","会OL","","0","","no","",""
"2000","","","2025/10/13","旅費交通費","","","課対仕入込10%適格","1340","121","クレジットカード","個人用","","対象外","1340","0","カード：ＥＴＣツウコウリヨウキン　ヒガシ　　　　　　　ヒガシ","","","0","会OL","","0","","no","",""
"2000","","","2025/10/26","旅費交通費","","","課対仕入込10%適格","1330","120","クレジットカード","個人用","","対象外","1330","0","カード：ＥＴＣシンヤワリビキ　ヒガシ　　　　　　　　シブカワ","","","0","会OL","","0","","no","",""
"2000","","","2025/09/21","旅費交通費","","","課対仕入込10%適格","1640","149","クレジットカード","個人用","","対象外","1640","0","カード：ＥＴＣトクワリ　ヒガシ　　　　　　　　　　　　ミサト","","","0","会OL","","0","","no","",""
"2000","","","2025/09/22","旅費交通費","","","課対仕入込10%適格","360","32","クレジットカード","個人用","","対象外","360","0","カード：ＥＴＣツウコウリヨウキン　ヒガシ　　　　　　　ナガレ","","","0","会OL","","0","","no","",""
"2000","","","2025/09/28","旅費交通費","","","課対仕入込10%適格","1370","124","クレジットカード","個人用","","対象外","1370","0","カード：ＥＴＣトクワリ　ヒガシ　　　　　　　　　　　　ヒガシ","","","0","会OL","","0","","no","",""
"2000","","","2025/10/07","旅費交通費","","","課対仕入込10%適格","1340","121","クレジットカード","個人用","","対象外","1340","0","カード：ＥＴＣツウコウリヨウキン　ヒガシ　　　　　　　ヒガシ","","","0","会OL","","0","","no","",""
"2000","","","2025/12/10","旅費交通費","","","課対仕入込10%適格","590","53","クレジットカード","個人用","","対象外","590","0","カード：ＥＴＣツウコウリヨウキン（シユトコウ）　　　　　ツツ","","","0","会OL","","0","","no","",""
"2000","","","2025/12/21","通信費","","","課対仕入込10%適格","1640","149","クレジットカード","個人用","","対象外","1640","0","カード：アドビカブシキガイシャ","","","0","会OL","","0","","no","",""
"2000","","","2025/11/21","通信費","","","課対仕入込10%適格","1640","149","クレジットカード","個人用","","対象外","1640","0","カード：ＡＤＯＢＥ．ＣＯＭ　　　　　　　　　　　　　　　ＳＡ","","","0","会OL","","0","","no","",""
"2000","","本決","2025/12/31","事業主貸","","","対象外","47992","0","通信費","","","課対仕入込10%適格","47992","4362","家事按分","","","0","会OL","","0","","no","",""
"2000","","","2025/12/27","通信費","","","課対仕入込10%適格","500","45","クレジットカード","個人用","","対象外","500","0","カード：ＡＭＺ＊ＭＵＲＡＧＯＮ．ＣＯＭ","","","0","会OL","","0","","no","",""
"2000","","","2025/10/01","通信費","","","課対仕入込10%適格","1561","141","クレジットカード","個人用","","対象外","1561","0","カード：ＰＡＹＰＡＬ　＊ＮＣＨＳＯＦＴＷＡＲＥ　　　　　４０","","","0","会OL","","0","","no","",""
"2000","","","2025/09/25","通信費","","","課対仕入込10%適格","163","14","クレジットカード","個人用","","対象外","163","0","カード：ＡＭＡＺＯＮ　ＤＯＷＮＬＯＡＤＳ","","","0","会OL","","0","","no","",""
"2000","","","2025/09/27","通信費","","","課対仕入込10%適格","500","45","クレジットカード","個人用","","対象外","500","0","カード：ＡＭＺ＊ＭＵＲＡＧＯＮ．ＣＯＭ","","","0","会OL","","0","","no","",""
"2000","","","2025/09/21","通信費","","","課対仕入込10%適格","1640","149","クレジットカード","個人用","","対象外","1640","0","カード：ＩＬＬＵＳＴＲＡＴＯＲ　　　　　　　　　　　　　ＳＡ","","","0","会OL","","0","","no","",""
"2000","","","2025/09/30","通信費","","","課対仕入込10%適格","3212","292","クレジットカード","個人用","","対象外","3212","0","カード：ドコモ　ゴリヨウリヨウキン　　　　　　　　　１０ガツ","","","0","会OL","","0","","no","",""
"2000","","","2025/10/04","消耗品費","","","課対仕入込10%適格","4733","430","クレジットカード","個人用","","対象外","4733","0","カード：セキチユ－","","","0","会OL","","0","","no","",""
"2000","","","2025/10/08","消耗品費","","","課対仕入込10%適格","3679","334","クレジットカード","個人用","","対象外","3679","0","カード：ＡＭＡＺＯＮ．ＣＯ．ＪＰ","","","0","会OL","","0","","no","",""
"2000","","","2025/10/08","消耗品費","","","課対仕入込10%適格","41715","3792","現金","個人用","","対象外","41715","0","オリンピック三ノ輪店","","","0","会OL","","0","","no","",""
"2000","","","2025/10/12","消耗品費","","","課対仕入込10%適格","1672","152","クレジットカード","個人用","","対象外","1672","0","カード：ＡＭＡＺＯＮ．ＣＯ．ＪＰ","","","0","会OL","","0","","no","",""
"2000","","","2025/10/06","消耗品費","","","課対仕入込10%適格","6540","594","クレジットカード","個人用","","対象外","6540","0","カード：セキチユ－","","","0","会OL","","0","","no","",""
"2000","","","2025/10/10","消耗品費","","","課対仕入込10%適格","2311","210","クレジットカード","個人用","","対象外","2311","0","カード：ダイソ－","","","0","会OL","","0","","no","",""
"2000","","","2025/10/26","消耗品費","","","課対仕入込10%適格","18040","1640","クレジットカード","個人用","","対象外","18040","0","カード：セキチユ－","","","0","会OL","","0","","no","",""
"2000","","","2025/10/13","消耗品費","","","課対仕入込10%適格","5473","497","クレジットカード","個人用","","対象外","5473","0","カード：ＡＭＡＺＯＮ．ＣＯ．ＪＰ","","","0","会OL","","0","","no","",""
"2000","","","2025/10/25","消耗品費","","","課対仕入込10%適格","550","50","現金","個人用","","対象外","550","0","DAISO 三ノ輪店","","","0","会OL","","0","","no","",""
"2000","","","2025/09/24","消耗品費","","","課対仕入込10%適格","1108","100","クレジットカード","個人用","","対象外","1108","0","カード：ＡＭＡＺＯＮ．ＣＯ．ＪＰ","","","0","会OL","","0","","no","",""
"2000","","","2025/09/26","消耗品費","","","課対仕入込10%適格","24000","2181","現金","個人用","","対象外","24000","0","ビービーシー","","","0","会OL","","0","","no","",""
"2000","","","2025/10/01","消耗品費","","","課対仕入込10%適格","2260","205","クレジットカード","個人用","","対象外","2260","0","カード：ＡＭＡＺＯＮ．ＣＯ．ＪＰ","","","0","会OL","","0","","no","",""
"2000","","","2025/09/28","消耗品費","","","課対仕入込10%適格","6499","590","クレジットカード","個人用","","対象外","6499","0","カード：ＡＭＡＺＯＮ．ＣＯ．ＪＰ","","","0","会OL","","0","","no","",""
"2000","","","2025/10/07","消耗品費","","","課対仕入込10%適格","1169","106","クレジットカード","個人用","","対象外","1169","0","カード：ＡＭＡＺＯＮ．ＣＯ．ＪＰ","","","0","会OL","","0","","no","",""
"2000","","","2025/10/07","消耗品費","","","課対仕入込10%適格","1169","106","クレジットカード","個人用","","対象外","1169","0","カード：ＡＭＡＺＯＮ．ＣＯ．ＪＰ","","","0","会OL","","0","","no","",""
"2000","","","2025/12/17","消耗品費","","","課対仕入込10%適格","1115","101","クレジットカード","個人用","","対象外","1115","0","カード：ＰＡＹＰＡＬ　＊ＡＬＩＰＡＹ　ＥＵＲ　　　　　　３５","","","0","会OL","","0","","no","",""
"2000","","","2025/12/22","消耗品費","","","課対仕入込10%適格","888","80","クレジットカード","個人用","","対象外","888","0","カード：ＡＭＡＺＯＮ．ＣＯ．ＪＰ","","","0","会OL","","0","","no","",""
"2000","","","2025/12/08","消耗品費","","","課対仕入込10%適格","2649","240","クレジットカード","個人用","","対象外","2649","0","DAISO LALAテラス店","","","0","会OL","","0","","no","",""
"2000","","","2025/11/16","消耗品費","","","課対仕入込10%適格","3399","309","クレジットカード","個人用","","対象外","3399","0","カード：ＡＭＡＺＯＮ．ＣＯ．ＪＰ","","","0","会OL","","0","","no","",""
"2000","","","2025/11/17","消耗品費","","","課対仕入込10%適格","1769","160","クレジットカード","個人用","","対象外","1769","0","カード：ダイソ－","","","0","会OL","","0","","no","",""
"2000","","","2025/12/21","消耗品費","","","課対仕入込10%適格","2799","254","クレジットカード","個人用","","対象外","2799","0","カード：ＡＭＡＺＯＮ．ＣＯ．ＪＰ","","","0","会OL","","0","","no","",""
"2000","","","2025/11/01","消耗品費","","","課対仕入込10%適格","3580","325","クレジットカード","個人用","","対象外","3580","0","カード：ＡＭＡＺＯＮ．ＣＯ．ＪＰ","","","0","会OL","","0","","no","",""
"2000","","","2025/11/04","消耗品費","","","課対仕入込10%適格","3782","343","クレジットカード","個人用","","対象外","3782","0","カード：ＡＭＡＺＯＮ．ＣＯ．ＪＰ","","","0","会OL","","0","","no","",""
"2000","","","2025/11/06","消耗品費","","","課対仕入込10%適格","750","68","クレジットカード","個人用","","対象外","750","0","カード：ＡＭＡＺＯＮ．ＣＯ．ＪＰ","","","0","会OL","","0","","no","",""
"2000","","","2025/11/08","消耗品費","","","課対仕入込10%適格","3690","335","クレジットカード","個人用","","対象外","3690","0","カード：ＡＭＡＺＯＮ．ＣＯ．ＪＰ","","","0","会OL","","0","","no","",""
"2000","","","2025/11/08","消耗品費","","","課対仕入込10%適格","2039","185","クレジットカード","個人用","","対象外","2039","0","カード：ＡＭＡＺＯＮ．ＣＯ．ＪＰ","","","0","会OL","","0","","no","",""
"2000","","","2025/11/15","消耗品費","","","課対仕入込10%適格","1549","140","クレジットカード","個人用","","対象外","1549","0","カード：ダイソ－","","","0","会OL","","0","","no","",""
"2000","","","2025/11/15","消耗品費","","","課対仕入込10%適格","3998","363","クレジットカード","個人用","","対象外","3998","0","カード：ＡＭＡＺＯＮ．ＣＯ．ＪＰ","","","0","会OL","","0","","no","",""
"2000","","","2025/11/15","消耗品費","","","課対仕入込10%適格","1549","140","クレジットカード","個人用","","対象外","1549","0","DAISO 三ノ輪店","","","0","会OL","","0","","no","",""
"2110","","","2025/12/10","車両費","","","課対仕入込10%適格","3454","314","現金","個人用","","対象外","6908","0","ライフ　白銅","","","3","会OL","","0","","no","",""
"2101","","","2025/12/10","事業主貸","","","対象外","3454","0","","","","対象外","0","0","","","","3","会OL","","","","no","",""
"2110","","","2025/10/07","車両費","","","課対仕入込10%適格","803","73","現金","個人用","","対象外","1606","0","ライフ　白銅","","","3","会OL","","0","","no","",""
"2101","","","2025/10/07","事業主貸","","","対象外","803","0","","","","対象外","0","0","","","","3","会OL","","","","no","",""
"2110","","","2025/09/28","車両費","","","課対仕入込10%適格","2620","238","現金","個人用","","対象外","5240","0","ライフ　白銅","","","3","会OL","","0","","no","",""
"2101","","","2025/09/28","事業主貸","","","対象外","2620","0","","","","対象外","0","0","","","","3","会OL","","","","no","",""
"2000","","","2025/10/22","研修費","","","課対仕入込10%適格","2000","181","クレジットカード","個人用","","対象外","2000","0","カード：ＰＡＹＰＡＬ　＊ＰＥＡＴＩＸ","","","0","会OL","","0","","no","",""
